"Position","Name","Salary","GameInfo","AvgPointsPerGame","teamAbbrev"
"WR","Antonio Brown",9200,"Pit@Ind 08:30PM ET",22.260,"Pit"
"RB","Le'Veon Bell",9000,"Pit@Ind 08:30PM ET",25.486,"Pit"
"RB","David Johnson",8900,"Ari@Atl 01:00PM ET",26.730,"Ari"
"WR","Odell Beckham Jr.",8800,"NYG@Cle 01:00PM ET",18.190,"NYG"
"WR","Julio Jones",8500,"Ari@Atl 01:00PM ET",21.950,"Atl"
"WR","T.Y. Hilton",7900,"Pit@Ind 08:30PM ET",18.480,"Ind"
"WR","A.J. Green",7800,"Cin@Bal 01:00PM ET",19.840,"Cin"
"QB","Tom Brady",7800,"NE@NYJ 04:25PM ET",26.317,"NE"
"RB","DeMarco Murray",7700,"Ten@Chi 01:00PM ET",22.836,"Ten"
"WR","Amari Cooper",7700,"Car@Oak 04:25PM ET",18.600,"Oak"
"RB","Jay Ajayi",7600,"SF@Mia 01:00PM ET",16.311,"Mia"
"QB","Andrew Luck",7500,"Pit@Ind 08:30PM ET",22.268,"Ind"
"WR","Mike Evans",7500,"Sea@TB 04:05PM ET",21.560,"TB"
"WR","Jordy Nelson",7400,"GB@Phi 08:30PM ET",17.830,"GB"
"QB","Ben Roethlisberger",7300,"Pit@Ind 08:30PM ET",22.018,"Pit"
"RB","LeSean McCoy",7300,"Jax@Buf 01:00PM ET",18.778,"Buf"
"QB","Marcus Mariota",7200,"Ten@Chi 01:00PM ET",21.116,"Ten"
"WR","Allen Robinson",7200,"Jax@Buf 01:00PM ET",14.870,"Jax"
"QB","Drew Brees",7100,"LA@NO 01:00PM ET",25.088,"NO"
"WR","Larry Fitzgerald",7000,"Ari@Atl 01:00PM ET",18.240,"Ari"
"RB","Melvin Gordon",7000,"SD@Hou 01:00PM ET",22.440,"SD"
"QB","Aaron Rodgers",7000,"GB@Phi 08:30PM ET",25.534,"GB"
"QB","Matt Ryan",6900,"Ari@Atl 01:00PM ET",24.478,"Atl"
"WR","Demaryius Thomas",6900,"KC@Den 08:30PM ET",15.580,"Den"
"TE","Rob Gronkowski",6900,"NE@NYJ 04:25PM ET",15.143,"NE"
"WR","Brandin Cooks",6800,"LA@NO 01:00PM ET",16.920,"NO"
"QB","Cam Newton",6800,"Car@Oak 04:25PM ET",20.471,"Car"
"WR","Julian Edelman",6800,"NE@NYJ 04:25PM ET",12.450,"NE"
"QB","Russell Wilson",6700,"Sea@TB 04:05PM ET",17.886,"Sea"
"WR","Kelvin Benjamin",6700,"Car@Oak 04:25PM ET",14.030,"Car"
"WR","Michael Thomas",6600,"LA@NO 01:00PM ET",15.510,"NO"
"WR","Davante Adams",6600,"GB@Phi 08:30PM ET",16.030,"GB"
"QB","Eli Manning",6500,"NYG@Cle 01:00PM ET",17.292,"NYG"
"WR","Michael Crabtree",6500,"Car@Oak 04:25PM ET",15.610,"Oak"
"WR","Donte Moncrief",6400,"Pit@Ind 08:30PM ET",12.500,"Ind"
"RB","Devonta Freeman",6400,"Ari@Atl 01:00PM ET",15.610,"Atl"
"WR","Doug Baldwin",6400,"Sea@TB 04:05PM ET",16.750,"Sea"
"QB","Philip Rivers",6300,"SD@Hou 01:00PM ET",19.804,"SD"
"WR","DeAndre Hopkins",6300,"SD@Hou 01:00PM ET",12.500,"Hou"
"WR","Emmanuel Sanders",6200,"KC@Den 08:30PM ET",14.180,"Den"
"QB","Derek Carr",6100,"Car@Oak 04:25PM ET",20.720,"Oak"
"RB","Spencer Ware",6100,"KC@Den 08:30PM ET",15.678,"KC"
"WR","Brandon Marshall",6100,"NE@NYJ 04:25PM ET",12.110,"NYJ"
"WR","Steve Smith Sr.",6000,"Cin@Bal 01:00PM ET",14.825,"Bal"
"WR","Tyrell Williams",6000,"SD@Hou 01:00PM ET",14.800,"SD"
"RB","DeAngelo Williams",5900,"Pit@Ind 08:30PM ET",9.838,"Pit"
"QB","Tyrod Taylor",5900,"Jax@Buf 01:00PM ET",18.050,"Buf"
"WR","Jarvis Landry",5900,"SF@Mia 01:00PM ET",14.940,"Mia"
"RB","LeGarrette Blount",5900,"NE@NYJ 04:25PM ET",17.230,"NE"
"WR","Rishard Matthews",5800,"Ten@Chi 01:00PM ET",13.136,"Ten"
"RB","Lamar Miller",5800,"SD@Hou 01:00PM ET",15.270,"Hou"
"TE","Greg Olsen",5800,"Car@Oak 04:25PM ET",15.450,"Car"
"RB","Todd Gurley",5700,"LA@NO 01:00PM ET",12.830,"LA"
"QB","Colin Kaepernick",5700,"SF@Mia 01:00PM ET",17.460,"SF"
"RB","Thomas Rawls",5700,"Sea@TB 04:05PM ET",8.133,"Sea"
"WR","Randall Cobb",5700,"GB@Phi 08:30PM ET",13.778,"GB"
"QB","Blake Bortles",5600,"Jax@Buf 01:00PM ET",20.122,"Jax"
"TE","Tyler Eifert",5600,"Cin@Bal 01:00PM ET",12.350,"Cin"
"RB","Rashad Jennings",5600,"NYG@Cle 01:00PM ET",11.414,"NYG"
"WR","Terrelle Pryor Sr.",5600,"NYG@Cle 01:00PM ET",15.467,"Cle"
"RB","Devontae Booker",5600,"KC@Den 08:30PM ET",7.850,"Den"
"WR","Sterling Shepard",5500,"NYG@Cle 01:00PM ET",12.460,"NYG"
"QB","Ryan Tannehill",5500,"SF@Mia 01:00PM ET",15.456,"Mia"
"RB","Latavius Murray",5500,"Car@Oak 04:25PM ET",16.600,"Oak"
"RB","Matt Forte",5500,"NE@NYJ 04:25PM ET",16.710,"NYJ"
"QB","Andy Dalton",5400,"Cin@Bal 01:00PM ET",18.830,"Cin"
"RB","Tim Hightower",5400,"LA@NO 01:00PM ET",7.080,"NO"
"WR","Kenny Britt",5400,"LA@NO 01:00PM ET",14.560,"LA"
"QB","Jameis Winston",5400,"Sea@TB 04:05PM ET",20.200,"TB"
"QB","Carson Wentz",5400,"GB@Phi 08:30PM ET",14.336,"Phi"
"RB","Jordan Howard",5300,"Ten@Chi 01:00PM ET",15.122,"Chi"
"QB","Joe Flacco",5300,"Cin@Bal 01:00PM ET",16.262,"Bal"
"WR","Mike Wallace",5300,"Cin@Bal 01:00PM ET",15.670,"Bal"
"QB","Carson Palmer",5300,"Ari@Atl 01:00PM ET",17.798,"Ari"
"TE","Jimmy Graham",5300,"Sea@TB 04:05PM ET",14.090,"Sea"
"RB","Frank Gore",5200,"Pit@Ind 08:30PM ET",15.730,"Ind"
"QB","Jay Cutler",5200,"Ten@Chi 01:00PM ET",10.752,"Chi"
"RB","Derrick Henry",5200,"Ten@Chi 01:00PM ET",4.627,"Ten"
"QB","Jared Goff",5200,"LA@NO 01:00PM ET",3.230,"LA"
"WR","Willie Snead",5200,"LA@NO 01:00PM ET",14.278,"NO"
"QB","Brock Osweiler",5100,"SD@Hou 01:00PM ET",12.874,"Hou"
"WR","Will Fuller",5100,"SD@Hou 01:00PM ET",11.113,"Hou"
"RB","C.J. Prosise",5100,"Sea@TB 04:05PM ET",10.167,"Sea"
"QB","Trevor Siemian",5100,"KC@Den 08:30PM ET",14.291,"Den"
"QB","Ryan Fitzpatrick",5100,"NE@NYJ 04:25PM ET",12.502,"NYJ"
"QB","Scott Tolzien",5000,"Pit@Ind 08:30PM ET",0,"Ind"
"QB","Landry Jones",5000,"Pit@Ind 08:30PM ET",2.788,"Pit"
"QB","Zach Mettenberger",5000,"Pit@Ind 08:30PM ET",0.000,"Pit"
"QB","Matt Cassel",5000,"Ten@Chi 01:00PM ET",0.167,"Ten"
"QB","Matt Barkley",5000,"Ten@Chi 01:00PM ET",1.140,"Chi"
"QB","Chad Henne",5000,"Jax@Buf 01:00PM ET",-0.200,"Jax"
"QB","EJ Manuel",5000,"Jax@Buf 01:00PM ET",1.275,"Buf"
"QB","Brandon Allen",5000,"Jax@Buf 01:00PM ET",0,"Jax"
"QB","Cardale Jones",5000,"Jax@Buf 01:00PM ET",0,"Buf"
"WR","Sammy Watkins",5000,"Jax@Buf 01:00PM ET",6.150,"Buf"
"QB","Ryan Mallett",5000,"Cin@Bal 01:00PM ET",0.030,"Bal"
"QB","AJ McCarron",5000,"Cin@Bal 01:00PM ET",0.000,"Cin"
"QB","Jeff Driskel",5000,"Cin@Bal 01:00PM ET",0,"Cin"
"QB","Drew Stanton",5000,"Ari@Atl 01:00PM ET",3.265,"Ari"
"QB","Matt Schaub",5000,"Ari@Atl 01:00PM ET",-0.100,"Atl"
"QB","Josh McCown",5000,"NYG@Cle 01:00PM ET",12.555,"Cle"
"QB","Josh Johnson",5000,"NYG@Cle 01:00PM ET",0,"NYG"
"QB","Robert Griffin III",5000,"NYG@Cle 01:00PM ET",10.300,"Cle"
"QB","Ryan Nassib",5000,"NYG@Cle 01:00PM ET",0,"NYG"
"QB","Cody Kessler",5000,"NYG@Cle 01:00PM ET",10.320,"Cle"
"QB","Kevin Hogan",5000,"NYG@Cle 01:00PM ET",7.220,"Cle"
"QB","Joe Callahan",5000,"NYG@Cle 01:00PM ET",0,"Cle"
"QB","Luke McCown",5000,"LA@NO 01:00PM ET",0,"NO"
"QB","Case Keenum",5000,"LA@NO 01:00PM ET",12.486,"LA"
"QB","Sean Mannion",5000,"LA@NO 01:00PM ET",0.000,"LA"
"RB","Mark Ingram",5000,"LA@NO 01:00PM ET",14.220,"NO"
"QB","Matt Moore",5000,"SF@Mia 01:00PM ET",0.000,"Mia"
"QB","Christian Ponder",5000,"SF@Mia 01:00PM ET",0,"SF"
"QB","Blaine Gabbert",5000,"SF@Mia 01:00PM ET",15.640,"SF"
"QB","Kellen Clemens",5000,"SD@Hou 01:00PM ET",-0.017,"SD"
"QB","Brandon Weeden",5000,"SD@Hou 01:00PM ET",0,"Hou"
"QB","Tom Savage",5000,"SD@Hou 01:00PM ET",0,"Hou"
"QB","Mike Glennon",5000,"Sea@TB 04:05PM ET",4.500,"TB"
"QB","Ryan Griffin",5000,"Sea@TB 04:05PM ET",0,"TB"
"QB","Trevone Boykin",5000,"Sea@TB 04:05PM ET",1.633,"Sea"
"QB","Derek Anderson",5000,"Car@Oak 04:25PM ET",7.840,"Car"
"QB","Joe Webb",5000,"Car@Oak 04:25PM ET",0.163,"Car"
"QB","Matt McGloin",5000,"Car@Oak 04:25PM ET",0.000,"Oak"
"QB","Connor Cook",5000,"Car@Oak 04:25PM ET",0,"Oak"
"RB","Jonathan Stewart",5000,"Car@Oak 04:25PM ET",10.500,"Car"
"QB","Alex Smith",5000,"KC@Den 08:30PM ET",15.053,"KC"
"QB","Austin Davis",5000,"KC@Den 08:30PM ET",0,"Den"
"QB","Nick Foles",5000,"KC@Den 08:30PM ET",14.000,"KC"
"QB","Tyler Bray",5000,"KC@Den 08:30PM ET",0,"KC"
"QB","Paxton Lynch",5000,"KC@Den 08:30PM ET",12.060,"Den"
"RB","Charcandrick West",5000,"KC@Den 08:30PM ET",5.889,"KC"
"WR","Jeremy Maclin",5000,"KC@Den 08:30PM ET",9.938,"KC"
"QB","Bryce Petty",5000,"NE@NYJ 04:25PM ET",5.140,"NYJ"
"QB","Jimmy Garoppolo",5000,"NE@NYJ 04:25PM ET",9.235,"NE"
"QB","Christian Hackenberg",5000,"NE@NYJ 04:25PM ET",0,"NYJ"
"QB","Chase Daniel",5000,"GB@Phi 08:30PM ET",0.000,"Phi"
"QB","Brett Hundley",5000,"GB@Phi 08:30PM ET",-0.160,"GB"
"WR","Jordan Matthews",5000,"GB@Phi 08:30PM ET",13.790,"Phi"
"TE","Delanie Walker",4900,"Ten@Chi 01:00PM ET",14.000,"Ten"
"WR","Travis Benjamin",4900,"SD@Hou 01:00PM ET",12.367,"SD"
"RB","Doug Martin",4900,"Sea@TB 04:05PM ET",10.500,"TB"
"RB","Carlos Hyde",4800,"SF@Mia 01:00PM ET",14.738,"SF"
"WR","Tyreek Hill",4800,"KC@Den 08:30PM ET",10.410,"KC"
"WR","Cameron Meredith",4700,"Ten@Chi 01:00PM ET",11.575,"Chi"
"RB","Tevin Coleman",4700,"Ari@Atl 01:00PM ET",16.343,"Atl"
"WR","DeVante Parker",4700,"SF@Mia 01:00PM ET",11.611,"Mia"
"WR","Chris Hogan",4700,"NE@NYJ 04:25PM ET",8.033,"NE"
"WR","Ty Montgomery",4700,"GB@Phi 08:30PM ET",7.278,"GB"
"RB","Mike Gillislee",4600,"Jax@Buf 01:00PM ET",7.460,"Buf"
"WR","Brandon LaFell",4600,"Cin@Bal 01:00PM ET",9.870,"Cin"
"RB","Bilal Powell",4600,"NE@NYJ 04:25PM ET",9.820,"NYJ"
"WR","Eli Rogers",4500,"Pit@Ind 08:30PM ET",10.286,"Pit"
"RB","Jacquizz Rodgers",4500,"Sea@TB 04:05PM ET",11.017,"TB"
"TE","Martellus Bennett",4500,"NE@NYJ 04:25PM ET",12.440,"NE"
"RB","Darren Sproles",4500,"GB@Phi 08:30PM ET",10.530,"Phi"
"WR","Robert Woods",4400,"Jax@Buf 01:00PM ET",11.211,"Buf"
"RB","James White",4400,"NE@NYJ 04:25PM ET",10.950,"NE"
"RB","James Starks",4400,"GB@Phi 08:30PM ET",7.783,"GB"
"WR","Michael Floyd",4300,"Ari@Atl 01:00PM ET",8.490,"Ari"
"WR","Mohamed Sanu",4300,"Ari@Atl 01:00PM ET",10.100,"Atl"
"RB","Alfred Blue",4300,"SD@Hou 01:00PM ET",2.544,"Hou"
"RB","Wendell Smallwood",4300,"GB@Phi 08:30PM ET",4.580,"Phi"
"RB","Fitzgerald Toussaint",4200,"Pit@Ind 08:30PM ET",0.290,"Pit"
"RB","Chris Ivory",4200,"Jax@Buf 01:00PM ET",7.900,"Jax"
"WR","J.J. Nelson",4200,"Ari@Atl 01:00PM ET",6.222,"Ari"
"WR","Corey Coleman",4200,"NYG@Cle 01:00PM ET",11.800,"Cle"
"WR","Tavon Austin",4200,"LA@NO 01:00PM ET",9.570,"LA"
"TE","Antonio Gates",4200,"SD@Hou 01:00PM ET",11.000,"SD"
"RB","Ryan Mathews",4200,"GB@Phi 08:30PM ET",11.410,"Phi"
"RB","Giovani Bernard",4100,"Cin@Bal 01:00PM ET",12.630,"Cin"
"WR","Dontrelle Inman",4100,"SD@Hou 01:00PM ET",8.180,"SD"
"WR","Quincy Enunwa",4100,"NE@NYJ 04:25PM ET",10.940,"NYJ"
"WR","Kendall Wright",4000,"Ten@Chi 01:00PM ET",10.638,"Ten"
"WR","Marqise Lee",4000,"Jax@Buf 01:00PM ET",10.670,"Jax"
"RB","Terrance West",4000,"Cin@Bal 01:00PM ET",10.400,"Bal"
"WR","Tyler Boyd",4000,"Cin@Bal 01:00PM ET",7.320,"Cin"
"WR","John Brown",4000,"Ari@Atl 01:00PM ET",8.667,"Ari"
"RB","Shane Vereen",4000,"NYG@Cle 01:00PM ET",11.400,"NYG"
"RB","Benny Cunningham",4000,"LA@NO 01:00PM ET",3.678,"LA"
"RB","DuJuan Harris",4000,"SF@Mia 01:00PM ET",8.425,"SF"
"RB","Kapri Bibbs",4000,"KC@Den 08:30PM ET",2.130,"Den"
"TE","Travis Kelce",4000,"KC@Den 08:30PM ET",13.190,"KC"
"RB","Dion Lewis",4000,"NE@NYJ 04:25PM ET",7.900,"NE"
"WR","Allen Hurns",3900,"Jax@Buf 01:00PM ET",9.250,"Jax"
"RB","Jeremy Hill",3900,"Cin@Bal 01:00PM ET",11.650,"Cin"
"RB","Isaiah Crowell",3900,"NYG@Cle 01:00PM ET",12.982,"Cle"
"RB","Paul Perkins",3900,"NYG@Cle 01:00PM ET",4.588,"NYG"
"RB","Damien Williams",3900,"SF@Mia 01:00PM ET",7.444,"Mia"
"RB","Peyton Barber",3900,"Sea@TB 04:05PM ET",3.400,"TB"
"RB","DeAndre Washington",3900,"Car@Oak 04:25PM ET",4.940,"Oak"
"WR","Ted Ginn Jr.",3900,"Car@Oak 04:25PM ET",7.840,"Car"
"RB","Jeremy Langford",3800,"Ten@Chi 01:00PM ET",8.633,"Chi"
"WR","Eddie Royal",3800,"Ten@Chi 01:00PM ET",11.313,"Chi"
"DST","Bills ",3800,"Jax@Buf 01:00PM ET",9.000,"Buf"
"RB","Kenneth Dixon",3800,"Cin@Bal 01:00PM ET",4.150,"Bal"
"RB","Cameron Artis-Payne",3800,"Car@Oak 04:25PM ET",9.500,"Car"
"WR","Tajae Sharpe",3700,"Ten@Chi 01:00PM ET",8.309,"Ten"
"RB","Kenneth Farrow",3700,"SD@Hou 01:00PM ET",0.900,"SD"
"WR","Adam Humphries",3700,"Sea@TB 04:05PM ET",9.450,"TB"
"DST","Broncos ",3700,"KC@Den 08:30PM ET",10.800,"Den"
"WR","Danny Amendola",3700,"NE@NYJ 04:25PM ET",6.250,"NE"
"TE","Zach Ertz",3700,"GB@Phi 08:30PM ET",9.338,"Phi"
"WR","Percy Harvin",3600,"Jax@Buf 01:00PM ET",1.850,"Buf"
"WR","Marquise Goodwin",3600,"Jax@Buf 01:00PM ET",7.844,"Buf"
"WR","Taylor Gabriel",3600,"Ari@Atl 01:00PM ET",8.463,"Atl"
"RB","Duke Johnson Jr.",3600,"NYG@Cle 01:00PM ET",10.100,"Cle"
"TE","Gary Barnidge",3600,"NYG@Cle 01:00PM ET",8.427,"Cle"
"DST","Giants ",3600,"NYG@Cle 01:00PM ET",6.600,"NYG"
"WR","Brian Quick",3600,"LA@NO 01:00PM ET",9.120,"LA"
"WR","Kenny Stills",3600,"SF@Mia 01:00PM ET",9.080,"Mia"
"WR","Tyler Lockett",3600,"Sea@TB 04:05PM ET",5.700,"Sea"
"RB","Kenjon Barner",3600,"GB@Phi 08:30PM ET",2.560,"Phi"
"WR","Sammie Coates",3500,"Pit@Ind 08:30PM ET",7.800,"Pit"
"RB","T.J. Yeldon",3500,"Jax@Buf 01:00PM ET",9.680,"Jax"
"RB","Andre Ellington",3500,"Ari@Atl 01:00PM ET",1.720,"Ari"
"RB","Terron Ward",3500,"Ari@Atl 01:00PM ET",3.200,"Atl"
"WR","Victor Cruz",3500,"NYG@Cle 01:00PM ET",8.167,"NYG"
"WR","Jeremy Kerley",3500,"SF@Mia 01:00PM ET",10.240,"SF"
"RB","Akeem Hunt",3500,"SD@Hou 01:00PM ET",3.050,"Hou"
"WR","Russell Shepard",3500,"Sea@TB 04:05PM ET",5.450,"TB"
"DST","Seahawks ",3500,"Sea@TB 04:05PM ET",8.500,"Sea"
"WR","Devin Funchess",3500,"Car@Oak 04:25PM ET",6.260,"Car"
"RB","Reggie Bush",3400,"Jax@Buf 01:00PM ET",2.975,"Buf"
"WR","Torrey Smith",3400,"SF@Mia 01:00PM ET",5.922,"SF"
"DST","Patriots ",3400,"NE@NYJ 04:25PM ET",6.200,"NE"
"RB","Robert Turbin",3300,"Pit@Ind 08:30PM ET",5.222,"Ind"
"WR","Quinton Patton",3300,"SF@Mia 01:00PM ET",6.920,"SF"
"DST","Dolphins ",3300,"SF@Mia 01:00PM ET",7.900,"Mia"
"RB","Derek Watt",3300,"SD@Hou 01:00PM ET",0.990,"SD"
"TE","C.J. Fiedorowicz",3300,"SD@Hou 01:00PM ET",9.170,"Hou"
"RB","Jalen Richard",3300,"Car@Oak 04:25PM ET",7.840,"Oak"
"RB","Christine Michael",3300,"GB@Phi 08:30PM ET",13.389,"GB"
"WR","Phillip Dorsett",3200,"Pit@Ind 08:30PM ET",7.078,"Ind"
"TE","Dennis Pitta",3200,"Cin@Bal 01:00PM ET",9.250,"Bal"
"RB","Shaun Draughn",3200,"SF@Mia 01:00PM ET",4.640,"SF"
"WR","Albert Wilson",3200,"KC@Den 08:30PM ET",5.250,"KC"
"DST","Chiefs ",3200,"KC@Den 08:30PM ET",10.100,"KC"
"WR","Breshad Perriman",3100,"Cin@Bal 01:00PM ET",5.420,"Bal"
"DST","Ravens ",3100,"Cin@Bal 01:00PM ET",9.000,"Bal"
"TE","Coby Fleener",3100,"LA@NO 01:00PM ET",10.040,"NO"
"RB","Mike Davis",3100,"SF@Mia 01:00PM ET",1.938,"SF"
"TE","Cameron Brate",3100,"Sea@TB 04:05PM ET",10.630,"TB"
"WR","Chris Conley",3100,"KC@Den 08:30PM ET",6.640,"KC"
"RB","Jordan Todman",3000,"Pit@Ind 08:30PM ET",0.600,"Ind"
"RB","Roosevelt Nix",3000,"Pit@Ind 08:30PM ET",0.000,"Pit"
"RB","Josh Ferguson",3000,"Pit@Ind 08:30PM ET",3.440,"Ind"
"RB","Daryl Richardson",3000,"Pit@Ind 08:30PM ET",0.233,"Pit"
"WR","Darrius Heyward-Bey",3000,"Pit@Ind 08:30PM ET",3.978,"Pit"
"WR","Devin Street",3000,"Pit@Ind 08:30PM ET",1.000,"Ind"
"WR","Cobi Hamilton",3000,"Pit@Ind 08:30PM ET",5.240,"Pit"
"WR","Chester Rogers",3000,"Pit@Ind 08:30PM ET",3.325,"Ind"
"RB","Jalston Fowler",3000,"Ten@Chi 01:00PM ET",0.218,"Ten"
"RB","David Fluellen",3000,"Ten@Chi 01:00PM ET",0,"Ten"
"RB","Antonio Andrews",3000,"Ten@Chi 01:00PM ET",0.136,"Ten"
"RB","Ka'Deem Carey",3000,"Ten@Chi 01:00PM ET",2.400,"Chi"
"RB","Paul Lasike",3000,"Ten@Chi 01:00PM ET",0.350,"Chi"
"WR","Harry Douglas",3000,"Ten@Chi 01:00PM ET",2.700,"Ten"
"WR","Marc Mariani",3000,"Ten@Chi 01:00PM ET",0.000,"Ten"
"WR","Deonte Thompson",3000,"Ten@Chi 01:00PM ET",0.340,"Chi"
"WR","Joshua Bellamy",3000,"Ten@Chi 01:00PM ET",1.490,"Chi"
"WR","Marquess Wilson",3000,"Ten@Chi 01:00PM ET",4.500,"Chi"
"WR","Tre McBride",3000,"Ten@Chi 01:00PM ET",0.000,"Ten"
"TE","Zach Miller",3000,"Ten@Chi 01:00PM ET",11.960,"Chi"
"RB","Jerome Felton",3000,"Jax@Buf 01:00PM ET",0.811,"Buf"
"RB","Denard Robinson",3000,"Jax@Buf 01:00PM ET",0.660,"Jax"
"RB","Corey Grant",3000,"Jax@Buf 01:00PM ET",1.700,"Jax"
"RB","Jonathan Williams",3000,"Jax@Buf 01:00PM ET",2.017,"Buf"
"WR","Brandon Tate",3000,"Jax@Buf 01:00PM ET",1.933,"Buf"
"WR","Bryan Walters",3000,"Jax@Buf 01:00PM ET",2.100,"Jax"
"WR","Arrelious Benn",3000,"Jax@Buf 01:00PM ET",2.260,"Jax"
"WR","Justin Hunter",3000,"Jax@Buf 01:00PM ET",4.443,"Buf"
"WR","Walt Powell",3000,"Jax@Buf 01:00PM ET",3.388,"Buf"
"WR","Rashad Greene Sr.",3000,"Jax@Buf 01:00PM ET",1.029,"Jax"
"TE","Julius Thomas",3000,"Jax@Buf 01:00PM ET",9.122,"Jax"
"RB","Rex Burkhead",3000,"Cin@Bal 01:00PM ET",0.830,"Cin"
"RB","Kyle Juszczyk",3000,"Cin@Bal 01:00PM ET",4.270,"Bal"
"RB","Javorius Allen",3000,"Cin@Bal 01:00PM ET",1.129,"Bal"
"RB","Lorenzo Taliaferro",3000,"Cin@Bal 01:00PM ET",1.333,"Bal"
"WR","Devin Hester",3000,"Cin@Bal 01:00PM ET",-0.111,"Bal"
"WR","Kamar Aiken",3000,"Cin@Bal 01:00PM ET",3.960,"Bal"
"WR","James Wright",3000,"Cin@Bal 01:00PM ET",1.300,"Cin"
"WR","Chris Moore",3000,"Cin@Bal 01:00PM ET",1.256,"Bal"
"WR","Alex Erickson",3000,"Cin@Bal 01:00PM ET",0.470,"Cin"
"WR","Cody Core",3000,"Cin@Bal 01:00PM ET",0.000,"Cin"
"RB","Stevan Ridley",3000,"Ari@Atl 01:00PM ET",0.700,"Atl"
"RB","Patrick DiMarco",3000,"Ari@Atl 01:00PM ET",1.660,"Atl"
"RB","Stepfan Taylor",3000,"Ari@Atl 01:00PM ET",0.133,"Ari"
"RB","Kerwynn Williams",3000,"Ari@Atl 01:00PM ET",0.000,"Ari"
"WR","Eric Weems",3000,"Ari@Atl 01:00PM ET",0.000,"Atl"
"WR","Aldrick Robinson",3000,"Ari@Atl 01:00PM ET",2.410,"Atl"
"WR","Justin Hardy",3000,"Ari@Atl 01:00PM ET",3.030,"Atl"
"WR","Brittan Golden",3000,"Ari@Atl 01:00PM ET",0.817,"Ari"
"WR","Chris Hubert",3000,"Ari@Atl 01:00PM ET",0,"Ari"
"RB","Bobby Rainey",3000,"NYG@Cle 01:00PM ET",4.011,"NYG"
"RB","Orleans Darkwa",3000,"NYG@Cle 01:00PM ET",2.922,"NYG"
"RB","George Atkinson III",3000,"NYG@Cle 01:00PM ET",0.000,"Cle"
"WR","Andrew Hawkins",3000,"NYG@Cle 01:00PM ET",6.245,"Cle"
"WR","Dwayne Harris",3000,"NYG@Cle 01:00PM ET",-0.100,"NYG"
"WR","Tavarres King",3000,"NYG@Cle 01:00PM ET",0.267,"NYG"
"WR","Jordan Payton",3000,"NYG@Cle 01:00PM ET",0.325,"Cle"
"WR","Ricardo Louis",3000,"NYG@Cle 01:00PM ET",3.118,"Cle"
"WR","Rashard Higgins",3000,"NYG@Cle 01:00PM ET",0.755,"Cle"
"WR","Roger Lewis",3000,"NYG@Cle 01:00PM ET",3.443,"NYG"
"TE","Will Tye",3000,"NYG@Cle 01:00PM ET",5.970,"NYG"
"RB","John Kuhn",3000,"LA@NO 01:00PM ET",4.100,"NO"
"RB","Chase Reynolds",3000,"LA@NO 01:00PM ET",0.000,"LA"
"RB","Travaris Cadet",3000,"LA@NO 01:00PM ET",4.533,"NO"
"RB","Marcus Murphy",3000,"LA@NO 01:00PM ET",0.433,"NO"
"RB","Malcolm Brown",3000,"LA@NO 01:00PM ET",0.610,"LA"
"RB","Daniel Lasco",3000,"LA@NO 01:00PM ET",1.050,"NO"
"WR","Brandon Coleman",3000,"LA@NO 01:00PM ET",5.330,"NO"
"WR","Bradley Marquez",3000,"LA@NO 01:00PM ET",0.470,"LA"
"WR","Tommylee Lewis",3000,"LA@NO 01:00PM ET",2.500,"NO"
"WR","Pharoh Cooper",3000,"LA@NO 01:00PM ET",1.225,"LA"
"WR","Jake Lampman",3000,"LA@NO 01:00PM ET",0.000,"NO"
"WR","Mike Thomas",3000,"LA@NO 01:00PM ET",0.000,"LA"
"TE","Lance Kendricks",3000,"LA@NO 01:00PM ET",7.890,"LA"
"RB","Kenyan Drake",3000,"SF@Mia 01:00PM ET",3.080,"Mia"
"WR","Rod Streater",3000,"SF@Mia 01:00PM ET",0.990,"SF"
"WR","Jakeem Grant",3000,"SF@Mia 01:00PM ET",0.500,"Mia"
"WR","Chris Harper",3000,"SF@Mia 01:00PM ET",1.833,"SF"
"WR","Aaron Burbridge",3000,"SF@Mia 01:00PM ET",0.300,"SF"
"WR","Leonte Carroo",3000,"SF@Mia 01:00PM ET",0.340,"Mia"
"TE","Vance McDonald",3000,"SF@Mia 01:00PM ET",9.275,"SF"
"RB","Jonathan Grimes",3000,"SD@Hou 01:00PM ET",2.525,"Hou"
"RB","Jay Prosch",3000,"SD@Hou 01:00PM ET",0.200,"Hou"
"RB","Tyler Ervin",3000,"SD@Hou 01:00PM ET",0.310,"Hou"
"WR","Griff Whalen",3000,"SD@Hou 01:00PM ET",0.525,"SD"
"WR","Keith Mumphery",3000,"SD@Hou 01:00PM ET",0.640,"Hou"
"WR","Geremy Davis",3000,"SD@Hou 01:00PM ET",0,"SD"
"WR","Isaiah Burse",3000,"SD@Hou 01:00PM ET",0.000,"SD"
"WR","Braxton Miller",3000,"SD@Hou 01:00PM ET",3.575,"Hou"
"WR","Jeremy Butler",3000,"SD@Hou 01:00PM ET",1.500,"SD"
"WR","Jaelen Strong",3000,"SD@Hou 01:00PM ET",3.388,"Hou"
"RB","Will Tukuafu",3000,"Sea@TB 04:05PM ET",0.040,"Sea"
"RB","Mike James",3000,"Sea@TB 04:05PM ET",2.700,"TB"
"RB","Troymaine Pope",3000,"Sea@TB 04:05PM ET",0.200,"Sea"
"RB","Alex Collins",3000,"Sea@TB 04:05PM ET",1.957,"Sea"
"WR","Jermaine Kearse",3000,"Sea@TB 04:05PM ET",6.160,"Sea"
"WR","Cecil Shorts III",3000,"Sea@TB 04:05PM ET",3.171,"TB"
"WR","Paul Richardson",3000,"Sea@TB 04:05PM ET",3.090,"Sea"
"WR","Freddie Martino",3000,"Sea@TB 04:05PM ET",1.886,"TB"
"WR","Tanner McEvoy",3000,"Sea@TB 04:05PM ET",2.203,"Sea"
"RB","Mike Tolbert",3000,"Car@Oak 04:25PM ET",1.330,"Car"
"RB","Fozzy Whittaker",3000,"Car@Oak 04:25PM ET",6.280,"Car"
"RB","Taiwan Jones",3000,"Car@Oak 04:25PM ET",0.414,"Oak"
"RB","Jamize Olawale",3000,"Car@Oak 04:25PM ET",4.960,"Oak"
"WR","Brenton Bersin",3000,"Car@Oak 04:25PM ET",0.000,"Car"
"WR","Andre Holmes",3000,"Car@Oak 04:25PM ET",2.900,"Oak"
"WR","Corey Brown",3000,"Car@Oak 04:25PM ET",4.440,"Car"
"WR","Seth Roberts",3000,"Car@Oak 04:25PM ET",7.830,"Oak"
"WR","Johnny Holton",3000,"Car@Oak 04:25PM ET",0.633,"Oak"
"DST","Raiders ",3000,"Car@Oak 04:25PM ET",5.000,"Oak"
"RB","Anthony Sherman",3000,"KC@Den 08:30PM ET",0.390,"KC"
"RB","Knile Davis",3000,"KC@Den 08:30PM ET",0.978,"KC"
"RB","Juwan Thompson",3000,"KC@Den 08:30PM ET",3.050,"Den"
"RB","Bishop Sankey",3000,"KC@Den 08:30PM ET",0,"KC"
"RB","Andy Janovich",3000,"KC@Den 08:30PM ET",1.780,"Den"
"WR","Jordan Norwood",3000,"KC@Den 08:30PM ET",4.530,"Den"
"WR","Bennie Fowler",3000,"KC@Den 08:30PM ET",2.488,"Den"
"WR","Jordan Taylor",3000,"KC@Den 08:30PM ET",2.230,"Den"
"WR","De'Anthony Thomas",3000,"KC@Den 08:30PM ET",1.133,"KC"
"WR","Cody Latimer",3000,"KC@Den 08:30PM ET",0.743,"Den"
"WR","Demarcus Robinson",3000,"KC@Den 08:30PM ET",0.000,"KC"
"RB","C.J. Spiller",3000,"NE@NYJ 04:25PM ET",4.150,"NYJ"
"RB","James Develin",3000,"NE@NYJ 04:25PM ET",0.000,"NE"
"RB","Brandon Bolden",3000,"NE@NYJ 04:25PM ET",0.488,"NE"
"RB","D.J. Foster",3000,"NE@NYJ 04:25PM ET",1.200,"NE"
"WR","Matthew Slater",3000,"NE@NYJ 04:25PM ET",0.050,"NE"
"WR","Charone Peake",3000,"NE@NYJ 04:25PM ET",2.990,"NYJ"
"WR","Devin Smith",3000,"NE@NYJ 04:25PM ET",0,"NYJ"
"WR","Malcolm Mitchell",3000,"NE@NYJ 04:25PM ET",4.033,"NE"
"WR","Robby Anderson",3000,"NE@NYJ 04:25PM ET",5.200,"NYJ"
"WR","Jalin Marshall",3000,"NE@NYJ 04:25PM ET",3.300,"NYJ"
"RB","Aaron Ripkowski",3000,"GB@Phi 08:30PM ET",1.240,"GB"
"RB","Joe Kerridge",3000,"GB@Phi 08:30PM ET",0.000,"GB"
"WR","Trevor Davis",3000,"GB@Phi 08:30PM ET",1.156,"GB"
"WR","Dorial Green-Beckham",3000,"GB@Phi 08:30PM ET",5.980,"Phi"
"WR","Bryce Treggs",3000,"GB@Phi 08:30PM ET",2.967,"Phi"
"WR","Nelson Agholor",3000,"GB@Phi 08:30PM ET",6.190,"Phi"
"WR","Jeff Janis",3000,"GB@Phi 08:30PM ET",2.280,"GB"
"WR","Geronimo Allison",3000,"GB@Phi 08:30PM ET",3.200,"GB"
"DST","Eagles ",3000,"GB@Phi 08:30PM ET",9.700,"Phi"
"DST","Falcons ",2900,"Ari@Atl 01:00PM ET",5.900,"Atl"
"TE","Hunter Henry",2900,"SD@Hou 01:00PM ET",8.210,"SD"
"TE","Jack Doyle",2800,"Pit@Ind 08:30PM ET",9.960,"Ind"
"DST","Steelers ",2800,"Pit@Ind 08:30PM ET",5.800,"Pit"
"DST","Titans ",2800,"Ten@Chi 01:00PM ET",5.455,"Ten"
"DST","Bengals ",2800,"Cin@Bal 01:00PM ET",5.200,"Cin"
"TE","Jacob Tamme",2800,"Ari@Atl 01:00PM ET",7.625,"Atl"
"TE","Austin Hooper",2800,"Ari@Atl 01:00PM ET",5.190,"Atl"
"DST","Saints ",2800,"LA@NO 01:00PM ET",3.800,"NO"
"DST","Packers ",2800,"GB@Phi 08:30PM ET",4.200,"GB"
"TE","Jesse James",2700,"Pit@Ind 08:30PM ET",7.060,"Pit"
"DST","Bears ",2700,"Ten@Chi 01:00PM ET",5.600,"Chi"
"TE","Charles Clay",2700,"Jax@Buf 01:00PM ET",6.460,"Buf"
"DST","Cardinals ",2700,"Ari@Atl 01:00PM ET",9.100,"Ari"
"DST","Chargers ",2700,"SD@Hou 01:00PM ET",7.800,"SD"
"TE","Dwayne Allen",2600,"Pit@Ind 08:30PM ET",6.713,"Ind"
"TE","Ladarius Green",2600,"Pit@Ind 08:30PM ET",3.000,"Pit"
"TE","Garrett Celek",2600,"SF@Mia 01:00PM ET",4.460,"SF"
"DST","Texans ",2600,"SD@Hou 01:00PM ET",5.800,"Hou"
"DST","Panthers ",2600,"Car@Oak 04:25PM ET",7.900,"Car"
"TE","Virgil Green",2600,"KC@Den 08:30PM ET",5.586,"Den"
"TE","Richard Rodgers",2600,"GB@Phi 08:30PM ET",4.930,"GB"
"TE","David Johnson",2500,"Pit@Ind 08:30PM ET",1.230,"Pit"
"TE","Erik Swoope",2500,"Pit@Ind 08:30PM ET",2.000,"Ind"
"TE","Xavier Grimble",2500,"Pit@Ind 08:30PM ET",2.867,"Pit"
"TE","Anthony Fasano",2500,"Ten@Chi 01:00PM ET",2.127,"Ten"
"TE","Logan Paulsen",2500,"Ten@Chi 01:00PM ET",0.450,"Chi"
"TE","Patrick Scales",2500,"Ten@Chi 01:00PM ET",0.000,"Chi"
"TE","Beau Brinkley",2500,"Ten@Chi 01:00PM ET",0.000,"Ten"
"TE","Daniel Brown",2500,"Ten@Chi 01:00PM ET",0.000,"Chi"
"TE","Jace Amaro",2500,"Ten@Chi 01:00PM ET",2.967,"Ten"
"TE","Phillip Supernaw",2500,"Ten@Chi 01:00PM ET",0.927,"Ten"
"TE","Ben Braunecker",2500,"Ten@Chi 01:00PM ET",0.257,"Chi"
"TE","Marcedes Lewis",2500,"Jax@Buf 01:00PM ET",4.290,"Jax"
"TE","Gerald Christian",2500,"Jax@Buf 01:00PM ET",0.000,"Buf"
"TE","Neal Sterling",2500,"Jax@Buf 01:00PM ET",0.333,"Jax"
"TE","Nick O'Leary",2500,"Jax@Buf 01:00PM ET",1.840,"Buf"
"TE","Ben Koyack",2500,"Jax@Buf 01:00PM ET",1.950,"Jax"
"TE","Clark Harris",2500,"Cin@Bal 01:00PM ET",0.000,"Cin"
"TE","Ryan Hewitt",2500,"Cin@Bal 01:00PM ET",0.000,"Cin"
"TE","Crockett Gillmore",2500,"Cin@Bal 01:00PM ET",3.014,"Bal"
"TE","Tyler Kroft",2500,"Cin@Bal 01:00PM ET",1.920,"Cin"
"TE","C.J. Uzomah",2500,"Cin@Bal 01:00PM ET",4.538,"Cin"
"TE","Darren Waller",2500,"Cin@Bal 01:00PM ET",2.183,"Bal"
"TE","Nick Boyle",2500,"Cin@Bal 01:00PM ET",0,"Bal"
"TE","Darren Fells",2500,"Ari@Atl 01:00PM ET",2.288,"Ari"
"TE","Jermaine Gresham",2500,"Ari@Atl 01:00PM ET",4.070,"Ari"
"TE","Levine Toilolo",2500,"Ari@Atl 01:00PM ET",3.170,"Atl"
"TE","Joshua Perkins",2500,"Ari@Atl 01:00PM ET",0.000,"Atl"
"TE","Hakeem Valles",2500,"Ari@Atl 01:00PM ET",0.000,"Ari"
"TE","Larry Donnell",2500,"NYG@Cle 01:00PM ET",3.650,"NYG"
"TE","Randall Telfer",2500,"NYG@Cle 01:00PM ET",0.078,"Cle"
"TE","Seth DeValve",2500,"NYG@Cle 01:00PM ET",1.829,"Cle"
"TE","Danny Vitale",2500,"NYG@Cle 01:00PM ET",0.000,"Cle"
"TE","Jerell Adams",2500,"NYG@Cle 01:00PM ET",2.800,"NYG"
"TE","John Phillips",2500,"LA@NO 01:00PM ET",1.600,"NO"
"TE","Cory Harkey",2500,"LA@NO 01:00PM ET",0.000,"LA"
"TE","Josh Hill",2500,"LA@NO 01:00PM ET",3.029,"NO"
"TE","Tyler Higbee",2500,"LA@NO 01:00PM ET",0.910,"LA"
"TE","Temarrick Hemingway",2500,"LA@NO 01:00PM ET",0.000,"LA"
"TE","Kyle Nelson",2500,"SF@Mia 01:00PM ET",0.000,"SF"
"TE","MarQueis Gray",2500,"SF@Mia 01:00PM ET",1.940,"Mia"
"TE","Dion Sims",2500,"SF@Mia 01:00PM ET",2.800,"Mia"
"TE","Blake Bell",2500,"SF@Mia 01:00PM ET",0.333,"SF"
"TE","Je'Ron Hamm",2500,"SF@Mia 01:00PM ET",0.000,"SF"
"TE","Dominique Jones",2500,"SF@Mia 01:00PM ET",2.900,"Mia"
"TE","Thomas Duarte",2500,"SF@Mia 01:00PM ET",0.000,"Mia"
"TE","Sean McGrath",2500,"SD@Hou 01:00PM ET",0.450,"SD"
"TE","Ryan Griffin",2500,"SD@Hou 01:00PM ET",6.130,"Hou"
"TE","Asante Cleveland",2500,"SD@Hou 01:00PM ET",0.000,"SD"
"TE","Stephen Anderson",2500,"SD@Hou 01:00PM ET",3.257,"Hou"
"TE","Brandon Myers",2500,"Sea@TB 04:05PM ET",1.490,"TB"
"TE","Andrew DePaola",2500,"Sea@TB 04:05PM ET",0.000,"TB"
"TE","Luke Stocker",2500,"Sea@TB 04:05PM ET",0.700,"TB"
"TE","Luke Willson",2500,"Sea@TB 04:05PM ET",2.200,"Sea"
"TE","Brandon Williams",2500,"Sea@TB 04:05PM ET",0.260,"Sea"
"TE","Nick Vannett",2500,"Sea@TB 04:05PM ET",0.340,"Sea"
"TE","Alan Cross",2500,"Sea@TB 04:05PM ET",1.100,"TB"
"TE","Ed Dickson",2500,"Car@Oak 04:25PM ET",2.560,"Car"
"TE","Mychal Rivera",2500,"Car@Oak 04:25PM ET",2.886,"Oak"
"TE","Clive Walford",2500,"Car@Oak 04:25PM ET",5.744,"Oak"
"TE","Chris Manhertz",2500,"Car@Oak 04:25PM ET",0.000,"Car"
"TE","Ryan O'Malley",2500,"Car@Oak 04:25PM ET",0.000,"Oak"
"TE","James Winchester",2500,"KC@Den 08:30PM ET",0.000,"KC"
"TE","A.J. Derby",2500,"KC@Den 08:30PM ET",0.700,"Den"
"TE","James O'Shaughnessy",2500,"KC@Den 08:30PM ET",0.100,"KC"
"TE","Jeff Heuerman",2500,"KC@Den 08:30PM ET",0.971,"Den"
"TE","Ross Travis",2500,"KC@Den 08:30PM ET",0.750,"KC"
"TE","Demetrius Harris",2500,"KC@Den 08:30PM ET",1.800,"KC"
"TE","Matt Lengel",2500,"NE@NYJ 04:25PM ET",0.000,"NE"
"TE","Brandon Bostick",2500,"NE@NYJ 04:25PM ET",0.330,"NYJ"
"TE","Eric Tomlinson",2500,"NE@NYJ 04:25PM ET",0.000,"NYJ"
"TE","Austin Seferian-Jenkins",2500,"NE@NYJ 04:25PM ET",4.275,"NYJ"
"DST","Jets ",2500,"NE@NYJ 04:25PM ET",4.000,"NYJ"
"TE","Brent Celek",2500,"GB@Phi 08:30PM ET",1.770,"Phi"
"TE","Jared Cook",2500,"GB@Phi 08:30PM ET",8.950,"GB"
"TE","Trey Burton",2500,"GB@Phi 08:30PM ET",3.944,"Phi"
"DST","Colts ",2400,"Pit@Ind 08:30PM ET",4.800,"Ind"
"DST","Jaguars ",2400,"Jax@Buf 01:00PM ET",3.100,"Jax"
"DST","Rams ",2400,"LA@NO 01:00PM ET",7.700,"LA"
"DST","49ers ",2400,"SF@Mia 01:00PM ET",4.000,"SF"
"DST","Buccaneers ",2300,"Sea@TB 04:05PM ET",6.900,"TB"
"DST","Browns ",2200,"NYG@Cle 01:00PM ET",2.909,"Cle"
